{
  "visions": [
    {
      "id": 1,
      "title": "Customer Satisfaction",
      "content": "Efficiently and intelligently automating customers' business processes",
      "icon": "bi bi-hand-thumbs-up"
    },
    {
      "id": 2,
      "title": "Expertise",
      "content": "We have professional IT personal and are aware of the latest technologies and trends",
      "icon": "bi bi-gear"
    },
    {
      "id": 3,
      "title": "Innovation",
      "content": "Apply the latest technologies and ideas to develop and deliver innovative and creative automation solutions",
      "icon": "bi bi-arrow-up-right-circle"
    },
    {
      "id": 4,
      "title": "Quality",
      "content": "Maintaining a high level of quality and providing stable and reliable IT services to customers",
      "icon": "bi bi-check-circle"
    }
  ],
  "services": [
    {
      "id": 1,
      "title": "Smart Factory",
      "content": "Achieving better outcomes by extending productivity, improving productivity, increasing safety, and strengthening monitoring",
      "icon": "SmartFactory.png",
      "url": "#hero"
    },
    {
      "id": 2,
      "title": "ERP",
      "content": "An open-source ERP that provides SaaS-based services, with process standardization for reducing costs and simplifying and automating processes for real-time insights.",
      "icon": "ERP.png",
      "url": "#hero"
    },
    {
      "id": 3,
      "title": "HRM",
      "content": "Improve human resource management efficiency with our accurate data, policies, and analytics.",
      "icon": "HRM.png",
      "url": "#hero"
    },
    {
      "id": 4,
      "title": "IT Outsourcing",
      "content": "We're here to make your life easier! With our SLA-based services, your company can save money while we take care of maintaining your information systems. Our team of friendly IT professionals offers expert planning and consulting services to help your business thrive.",
      "icon": "ITOutsourcing.png",
      "url": "#hero"
    },
    {
      "id": 5,
      "title": "MES",
      "content": "Our SaaS services offer enhanced process monitoring and visual management tools to help optimize your business. Cut costs and boost productivity by investing in our cutting-edge technology today.",
      "icon": "MES.png",
      "url": "#hero"
    },
    {
      "id": 6,
      "title": "Digitalization Platform",
      "content": "Our platform eliminates the need for coding and offers Excel-level functionality, resulting in a shortened business development period. It's the perfect tool for businesses seeking greater efficiency and productivity.",
      "icon": "DigitalFlatform.png",
      "url": "#hero"
    }
  ],
  "histories": [
    {
      "id": 1,
      "title": "07-2023",
      "content": "Established Elio CNS co,. ltd in Ho Chi Minh city",
      "description": "Description ..."
    },
    {
      "id": 2,
      "title": "08-2023",
      "content": "Take over K-Solution HR and MRP solution",
      "description": "Description ..."
    },
    {
      "id": 3,
      "title": "09-2023",
      "content": "YUIL MEASURES ERP Consulting and Solution",
      "description": "Description ..."
    },
    {
      "id": 4,
      "title": "11-2023",
      "content": "POSCO DX VIETNAM HR IT OURSOURCING",
      "description": "Description ..."
    },
    {
      "id": 5,
      "title": "12-2023",
      "content": "Dongjin Global MES Will",
      "description": "Description ..."
    },
    {
      "id": 6,
      "title": "2024 Onward",
      "content": "Future Investment:",
      "description": "POSCO DX VIETNAM HR IT OURSOURCING Will, Pungkook Industry HRM system maintenance, Bethel MRP system maintenance"
    }
  ]
}
