﻿{
  "visions": [
    {
      "id": 1,
      "title": "Trải nghiệm người dùng",
      "content": "Tự động hóa quy trình kinh doanh của khách hàng một cách hiệu quả và thông minh",
      "icon": "bi bi-hand-thumbs-up"
    },
    {
      "id": 2,
      "title": "Chuyên môn",
      "content": "Chúng tôi có những nhân viên chuyên nghiệp và nắm bắt được các công nghệ và xu hướng mới nhất",
      "icon": "bi bi-gear"
    },
    {
      "id": 3,
      "title": "Sự đổi mới",
      "content": "Áp dụng các công nghệ và ý tưởng mới nhất để phát triển và cung cấp các giải pháp tự động hóa mang tính sáng tạo và đổi mới",
      "icon": "bi bi-arrow-up-right-circle"
    },
    {
      "id": 4,
      "title": "Chất lượng",
      "content": "Duy trì chất lượng cao và cung cấp dịch vụ ổn định và đáng tin cậy cho khách hàng",
      "icon": "bi bi-check-circle"
    }
  ],
  "services": [
    {
      "id": 1,
      "title": "Smart Factory",
      "content": "Đạt được kết quả tốt hơn bằng cách mở rộng năng suất, cải thiện năng suất, tăng cường an toàn và tăng cường giám sát.",
      "icon": "SmartFactory.png",
      "url": "#hero"
    },
    {
      "id": 2,
      "title": "ERP",
      "content": "Một ERP mã nguồn mở cung cấp các dịch vụ dựa trên SaaS, với tiêu chuẩn hoá quy trình để giảm chi phí, đơn giản hoá và tự động hoá các quy trình để có được thông tin chi tiết theo thời gian thực.",
      "icon": "ERP.png",
      "url": "#hero"
    },
    {
      "id": 3,
      "title": "HRM",
      "content": "Cải thiện hiệu quả việc quản lý nhân lực với dữ liệu, chính sách và phân tích chính xác.",
      "icon": "HRM.png",
      "url": "#hero"
    },
    {
      "id": 4,
      "title": "IT Outsourcing",
      "content": "Với các dịch vụ dựa trên SLA của chúng tôi, bạn có thể tiết kiệm tiền trong khi chúng tôi đảm nhiệm việc duy trì hệ thống thông tin của bạn. Đội ngũ chuyên gia thân thiện của chúng tôi cung cấp các dịch vụ tư vấn và lập kế hoạch chuyên nghiệp để giúp doanh nghiệp của bạn phát triển mạnh mẽ.",
      "icon": "ITOutsourcing.png",
      "url": "#hero"
    },
    {
      "id": 5,
      "title": "MES",
      "content": "Các dịch vụ SaaS của chúng tôi cung cấp các công cụ quản lý trực quan và giám sát quy trình nâng cao để giúp tối ưu hóa, cắt giảm chi phí và tăng năng suất hoạt động kinh doanh của bạn.",
      "icon": "ERP.png",
      "url": "#hero"
    },
    {
      "id": 6,
      "title": "Digitalization Platform",
      "content": "Nền tảng của chúng tôi loại bỏ nhu cầu viết mã và cung cấp chức năng ở cấp độ Excel, giúp rút ngắn thời gian phát triển kinh doanh. Đây là công cụ hoàn hảo cho các doanh nghiệp đang tìm kiếm hiệu quả và năng suất cao hơn.",
      "icon": "DigitalFlatform.png",
      "url": "#hero"
    }
  ],
  "histories": [
    {
      "id": 1,
      "title": "07-2023",
      "content": "Thành lập công ty Elio CNS tại thành phố Hồ Chí Minh",
      "description": "Mô tả ..."
    },
    {
      "id": 2,
      "title": "08-2023",
      "content": "Tiếp quản K-Solution HRM and MRP solution",
      "description": "Mô tả ..."
    },
    {
      "id": 3,
      "title": "09-2023",
      "content": "YUIL MEASURES ERP tư vấn và giải pháp",
      "description": "Mô tả ..."
    },
    {
      "id": 4,
      "title": "11-2023",
      "content": "POSCO DX VIETNAM HR IT OURSOURCING",
      "description": "Mô tả ..."
    },
    {
      "id": 5,
      "title": "12-2023",
      "content": "Dongjin Global MES Will",
      "description": "Mô tả ..."
    },
    {
      "id": 6,
      "title": "2024 về sau",
      "content": "Dự định đầu tư:",
      "description": "POSCO DX VIETNAM HR IT OURSOURCING Will, Bảo trì hệ thống Pungkook Industry HRM, Bảo trì hệ thống Bethel MRP"
    }
  ]
}
