﻿{
  "visions": [
    {
      "id": 1,
      "title": "고객 만족도",
      "content": "고객의 비즈니스 프로세스를 효율적이고 지능적으로 자동화",
      "icon": "bi bi-hand-thumbs-up"
    },
    {
      "id": 2,
      "title": "전문성",
      "content": "전문적인 IT 인력을 보유하고 있으며, 최신 기술과 트렌드에 대한 지식 가능",
      "icon": "bi bi-gear"
    },
    {
      "id": 3,
      "title": "혁신",
      "content": "최신 기술과 아이디어를 활용하여 혁신적이고 창의적인 자동화 솔루션을 개발하고 제공",
      "icon": "bi bi-arrow-up-right-circle"
    },
    {
      "id": 4,
      "title": "품질",
      "content": "높은 수준의 품질을 유지하며, 고객에게 안정적이고 신뢰성 있는 IT 서비스를 제공",
      "icon": "bi bi-check-circle"
    }
  ],
  "services": [
    {
      "id": 1,
      "title": "Smart Factory",
      "content": "생산성 향상, 생산성 향상, 안전성 향상, 모니터링 강화를 통해 더 나은 성과 달성.",
      "icon": "SmartFactory.png",
      "url": "#hero"
    },
    {
      "id": 2,
      "title": "ERP",
      "content": "비용 절감을 위한 프로세스 표준화와 실시간 통찰력을 위한 프로세스 단순화 및 자동화를 통해 SaaS 기반 서비스를 제공하는 오픈 소스 ERP.",
      "icon": "ERP.png",
      "url": "#hero"
    },
    {
      "id": 3,
      "title": "HRM",
      "content": "정확한 데이터, 정책 및 분석을 통해 인적 자원 관리 효율성을 향상시킵니다.",
      "icon": "HRM.png",
      "url": "#hero"
    },
    {
      "id": 4,
      "title": "IT Outsourcing",
      "content": "SLA 기반 서비스를 사용하면 정보 시스템을 관리하는 동안 비용을 절약할 수 있습니다. 친절한 IT 전문가로 구성된 우리 팀은 귀하의 비즈니스가 성공할 수 있도록 전문적인 계획 및 컨설팅 서비스를 제공합니다.",
      "icon": "ITOutsourcing.png",
      "url": "#hero"
    },
    {
      "id": 5,
      "title": "MES",
      "content": "당사의 SaaS 서비스는 향상된 프로세스 모니터링 및 시각적 관리 도구를 제공하여 비용을 절감하고 생산성을 높이며 비즈니스를 최적화합니다.",
      "icon": "MES.png",
      "url": "#hero"
    },
    {
      "id": 6,
      "title": "Digitalization Platform",
      "content": "우리의 플랫폼은 코딩의 필요성을 없애고 Excel 수준의 기능을 제공하므로 비즈니스 개발 기간이 단축됩니다. 더 높은 효율성과 생산성을 추구하는 기업을 위한 완벽한 도구입니다.",
      "icon": "DigitalFlatform.png",
      "url": "#hero"
    }
  ],
  "histories": [
    {
      "id": 1,
      "title": "07-2023",
      "content": "Elio CNS co,. ltd 호치민 설립",
      "description": "설명 ..."
    },
    {
      "id": 2,
      "title": "08-2023",
      "content": "K-Solution HR 및 MRP 솔루션 인수",
      "description": "설명 ..."
    },
    {
      "id": 3,
      "title": "09-2023",
      "content": "YUIL MEASURES ERP 컨설팅 및 솔루션",
      "description": "설명 ..."
    },
    {
      "id": 4,
      "title": "11-2023",
      "content": "POSCO DX VIETNAM HR IT OURSOURCING",
      "description": "설명 ..."
    },
    {
      "id": 5,
      "title": "12-2023",
      "content": "동진 글로벌 MES 예정",
      "description": "설명 ..."
    },
    {
      "id": 6,
      "title": "2024 앞으로",
      "content": "미래 투자:",
      "description": "POSCO DX VIETNAM HR IT OURSOURCING 예정, 풍국산업 HRM 시스템 유지보수, 베델 MRP 시스템 유지보수"
    }
  ]
}
